{"products":[{"id":"0.6105179922685537","qty":1}],"totalPrice":10.990000000000002}